Row Labels,Sum of Global warming: monthly temperature anomaly
1880-01-15,-0.19
1880-02-15,-0.24
1880-03-15,-0.09
1880-04-15,-0.16
1880-05-15,-0.1
1880-06-15,-0.21
1880-07-15,-0.18
1880-08-15,-0.1
1880-09-15,-0.14
1880-10-15,-0.23
1880-11-15,-0.21
1880-12-15,-0.18
1881-01-15,-0.2
1881-02-15,-0.14
1881-03-15,0.03
1881-04-15,0.05
1881-05-15,0.06
1881-06-15,-0.19
1881-07-15,0
1881-08-15,-0.04
1881-09-15,-0.16
1881-10-15,-0.22
1881-11-15,-0.18
1881-12-15,-0.07
1882-01-15,0.16
1882-02-15,0.13
1882-03-15,0.04
1882-04-15,-0.17
1882-05-15,-0.14
1882-06-15,-0.23
1882-07-15,-0.17
1882-08-15,-0.07
1882-09-15,-0.14
1882-10-15,-0.24
1882-11-15,-0.17
1882-12-15,-0.36
1883-01-15,-0.29
1883-02-15,-0.37
1883-03-15,-0.12
1883-04-15,-0.18
1883-05-15,-0.17
1883-06-15,-0.08
1883-07-15,-0.07
1883-08-15,-0.14
1883-09-15,-0.21
1883-10-15,-0.11
1883-11-15,-0.23
1883-12-15,-0.11
1884-01-15,-0.13
1884-02-15,-0.08
1884-03-15,-0.36
1884-04-15,-0.4
1884-05-15,-0.34
1884-06-15,-0.35
1884-07-15,-0.31
1884-08-15,-0.28
1884-09-15,-0.27
1884-10-15,-0.25
1884-11-15,-0.34
1884-12-15,-0.31
1885-01-15,-0.59
1885-02-15,-0.34
1885-03-15,-0.27
1885-04-15,-0.42
1885-05-15,-0.45
1885-06-15,-0.44
1885-07-15,-0.34
1885-08-15,-0.32
1885-09-15,-0.29
1885-10-15,-0.24
1885-11-15,-0.24
1885-12-15,-0.1
1886-01-15,-0.44
1886-02-15,-0.51
1886-03-15,-0.43
1886-04-15,-0.28
1886-05-15,-0.25
1886-06-15,-0.35
1886-07-15,-0.18
1886-08-15,-0.31
1886-09-15,-0.24
1886-10-15,-0.28
1886-11-15,-0.28
1886-12-15,-0.26
1887-01-15,-0.72
1887-02-15,-0.57
1887-03-15,-0.36
1887-04-15,-0.35
1887-05-15,-0.31
1887-06-15,-0.25
1887-07-15,-0.26
1887-08-15,-0.36
1887-09-15,-0.26
1887-10-15,-0.36
1887-11-15,-0.27
1887-12-15,-0.33
1888-01-15,-0.34
1888-02-15,-0.36
1888-03-15,-0.41
1888-04-15,-0.2
1888-05-15,-0.22
1888-06-15,-0.17
1888-07-15,-0.11
1888-08-15,-0.16
1888-09-15,-0.12
1888-10-15,0.01
1888-11-15,0.03
1888-12-15,-0.04
1889-01-15,-0.09
1889-02-15,0.16
1889-03-15,0.06
1889-04-15,0.09
1889-05-15,-0.01
1889-06-15,-0.1
1889-07-15,-0.08
1889-08-15,-0.2
1889-09-15,-0.24
1889-10-15,-0.25
1889-11-15,-0.34
1889-12-15,-0.29
1890-01-15,-0.42
1890-02-15,-0.45
1890-03-15,-0.4
1890-04-15,-0.3
1890-05-15,-0.39
1890-06-15,-0.25
1890-07-15,-0.28
1890-08-15,-0.39
1890-09-15,-0.36
1890-10-15,-0.25
1890-11-15,-0.44
1890-12-15,-0.32
1891-01-15,-0.34
1891-02-15,-0.46
1891-03-15,-0.18
1891-04-15,-0.27
1891-05-15,-0.16
1891-06-15,-0.21
1891-07-15,-0.18
1891-08-15,-0.18
1891-09-15,-0.15
1891-10-15,-0.22
1891-11-15,-0.32
1891-12-15,-0.05
1892-01-15,-0.3
1892-02-15,-0.12
1892-03-15,-0.41
1892-04-15,-0.34
1892-05-15,-0.24
1892-06-15,-0.23
1892-07-15,-0.32
1892-08-15,-0.28
1892-09-15,-0.17
1892-10-15,-0.14
1892-11-15,-0.43
1892-12-15,-0.39
1893-01-15,-0.81
1893-02-15,-0.56
1893-03-15,-0.22
1893-04-15,-0.27
1893-05-15,-0.34
1893-06-15,-0.25
1893-07-15,-0.14
1893-08-15,-0.25
1893-09-15,-0.22
1893-10-15,-0.18
1893-11-15,-0.19
1893-12-15,-0.32
1894-01-15,-0.52
1894-02-15,-0.29
1894-03-15,-0.23
1894-04-15,-0.45
1894-05-15,-0.31
1894-06-15,-0.4
1894-07-15,-0.24
1894-08-15,-0.24
1894-09-15,-0.28
1894-10-15,-0.23
1894-11-15,-0.26
1894-12-15,-0.21
1895-01-15,-0.41
1895-02-15,-0.43
1895-03-15,-0.33
1895-04-15,-0.22
1895-05-15,-0.27
1895-06-15,-0.21
1895-07-15,-0.17
1895-08-15,-0.17
1895-09-15,-0.12
1895-10-15,-0.11
1895-11-15,-0.17
1895-12-15,-0.14
1896-01-15,-0.22
1896-02-15,-0.12
1896-03-15,-0.26
1896-04-15,-0.3
1896-05-15,-0.15
1896-06-15,-0.11
1896-07-15,-0.02
1896-08-15,-0.05
1896-09-15,-0.07
1896-10-15,0.06
1896-11-15,-0.04
1896-12-15,-0.04
1897-01-15,-0.15
1897-02-15,-0.16
1897-03-15,-0.13
1897-04-15,-0.02
1897-05-15,-0.01
1897-06-15,-0.11
1897-07-15,-0.02
1897-08-15,-0.09
1897-09-15,-0.08
1897-10-15,-0.13
1897-11-15,-0.18
1897-12-15,-0.2
1898-01-15,-0.02
1898-02-15,-0.3
1898-03-15,-0.51
1898-04-15,-0.31
1898-05-15,-0.3
1898-06-15,-0.19
1898-07-15,-0.23
1898-08-15,-0.27
1898-09-15,-0.21
1898-10-15,-0.34
1898-11-15,-0.38
1898-12-15,-0.23
1899-01-15,-0.16
1899-02-15,-0.38
1899-03-15,-0.35
1899-04-15,-0.19
1899-05-15,-0.23
1899-06-15,-0.31
1899-07-15,-0.15
1899-08-15,-0.08
1899-09-15,-0.04
1899-10-15,-0.03
1899-11-15,0.13
1899-12-15,-0.26
1900-01-15,-0.36
1900-02-15,-0.05
1900-03-15,0.01
1900-04-15,-0.08
1900-05-15,-0.08
1900-06-15,-0.1
1900-07-15,-0.12
1900-08-15,-0.09
1900-09-15,-0.05
1900-10-15,0.1
1900-11-15,-0.07
1900-12-15,-0.06
1901-01-15,-0.21
1901-02-15,-0.11
1901-03-15,0.06
1901-04-15,-0.02
1901-05-15,-0.15
1901-06-15,-0.11
1901-07-15,-0.14
1901-08-15,-0.2
1901-09-15,-0.22
1901-10-15,-0.29
1901-11-15,-0.16
1901-12-15,-0.26
1902-01-15,-0.16
1902-02-15,-0.08
1902-03-15,-0.26
1902-04-15,-0.27
1902-05-15,-0.32
1902-06-15,-0.31
1902-07-15,-0.27
1902-08-15,-0.3
1902-09-15,-0.28
1902-10-15,-0.29
1902-11-15,-0.36
1902-12-15,-0.41
1903-01-15,-0.24
1903-02-15,-0.06
1903-03-15,-0.23
1903-04-15,-0.41
1903-05-15,-0.39
1903-06-15,-0.42
1903-07-15,-0.34
1903-08-15,-0.45
1903-09-15,-0.49
1903-10-15,-0.46
1903-11-15,-0.41
1903-12-15,-0.5
1904-01-15,-0.62
1904-02-15,-0.58
1904-03-15,-0.5
1904-04-15,-0.5
1904-05-15,-0.51
1904-06-15,-0.48
1904-07-15,-0.51
1904-08-15,-0.49
1904-09-15,-0.55
1904-10-15,-0.39
1904-11-15,-0.17
1904-12-15,-0.33
1905-01-15,-0.34
1905-02-15,-0.59
1905-03-15,-0.21
1905-04-15,-0.34
1905-05-15,-0.29
1905-06-15,-0.28
1905-07-15,-0.26
1905-08-15,-0.2
1905-09-15,-0.19
1905-10-15,-0.25
1905-11-15,-0.07
1905-12-15,-0.12
1906-01-15,-0.28
1906-02-15,-0.29
1906-03-15,-0.18
1906-04-15,-0.05
1906-05-15,-0.26
1906-06-15,-0.2
1906-07-15,-0.23
1906-08-15,-0.2
1906-09-15,-0.28
1906-10-15,-0.2
1906-11-15,-0.38
1906-12-15,-0.14
1907-01-15,-0.43
1907-02-15,-0.51
1907-03-15,-0.27
1907-04-15,-0.37
1907-05-15,-0.46
1907-06-15,-0.42
1907-07-15,-0.35
1907-08-15,-0.34
1907-09-15,-0.34
1907-10-15,-0.22
1907-11-15,-0.46
1907-12-15,-0.47
1908-01-15,-0.44
1908-02-15,-0.32
1908-03-15,-0.55
1908-04-15,-0.44
1908-05-15,-0.37
1908-06-15,-0.38
1908-07-15,-0.34
1908-08-15,-0.46
1908-09-15,-0.35
1908-10-15,-0.44
1908-11-15,-0.52
1908-12-15,-0.49
1909-01-15,-0.72
1909-02-15,-0.45
1909-03-15,-0.54
1909-04-15,-0.58
1909-05-15,-0.54
1909-06-15,-0.52
1909-07-15,-0.45
1909-08-15,-0.34
1909-09-15,-0.38
1909-10-15,-0.39
1909-11-15,-0.32
1909-12-15,-0.56
1910-01-15,-0.42
1910-02-15,-0.4
1910-03-15,-0.5
1910-04-15,-0.42
1910-05-15,-0.34
1910-06-15,-0.38
1910-07-15,-0.34
1910-08-15,-0.37
1910-09-15,-0.38
1910-10-15,-0.41
1910-11-15,-0.57
1910-12-15,-0.67
1911-01-15,-0.62
1911-02-15,-0.58
1911-03-15,-0.6
1911-04-15,-0.54
1911-05-15,-0.51
1911-06-15,-0.5
1911-07-15,-0.42
1911-08-15,-0.43
1911-09-15,-0.4
1911-10-15,-0.26
1911-11-15,-0.21
1911-12-15,-0.21
1912-01-15,-0.27
1912-02-15,-0.16
1912-03-15,-0.39
1912-04-15,-0.18
1912-05-15,-0.22
1912-06-15,-0.24
1912-07-15,-0.42
1912-08-15,-0.55
1912-09-15,-0.57
1912-10-15,-0.58
1912-11-15,-0.39
1912-12-15,-0.43
1913-01-15,-0.41
1913-02-15,-0.45
1913-03-15,-0.43
1913-04-15,-0.4
1913-05-15,-0.44
1913-06-15,-0.45
1913-07-15,-0.36
1913-08-15,-0.33
1913-09-15,-0.34
1913-10-15,-0.32
1913-11-15,-0.2
1913-12-15,-0.03
1914-01-15,0.04
1914-02-15,-0.1
1914-03-15,-0.24
1914-04-15,-0.3
1914-05-15,-0.21
1914-06-15,-0.25
1914-07-15,-0.24
1914-08-15,-0.16
1914-09-15,-0.16
1914-10-15,-0.03
1914-11-15,-0.15
1914-12-15,-0.04
1915-01-15,-0.21
1915-02-15,-0.04
1915-03-15,-0.1
1915-04-15,0.06
1915-05-15,-0.07
1915-06-15,-0.22
1915-07-15,-0.13
1915-08-15,-0.22
1915-09-15,-0.2
1915-10-15,-0.24
1915-11-15,-0.13
1915-12-15,-0.21
1916-01-15,-0.13
1916-02-15,-0.15
1916-03-15,-0.28
1916-04-15,-0.3
1916-05-15,-0.35
1916-06-15,-0.49
1916-07-15,-0.37
1916-08-15,-0.28
1916-09-15,-0.36
1916-10-15,-0.34
1916-11-15,-0.46
1916-12-15,-0.81
1917-01-15,-0.57
1917-02-15,-0.63
1917-03-15,-0.63
1917-04-15,-0.54
1917-05-15,-0.54
1917-06-15,-0.43
1917-07-15,-0.25
1917-08-15,-0.22
1917-09-15,-0.22
1917-10-15,-0.44
1917-11-15,-0.33
1917-12-15,-0.67
1918-01-15,-0.47
1918-02-15,-0.34
1918-03-15,-0.25
1918-04-15,-0.44
1918-05-15,-0.43
1918-06-15,-0.36
1918-07-15,-0.32
1918-08-15,-0.31
1918-09-15,-0.17
1918-10-15,-0.06
1918-11-15,-0.11
1918-12-15,-0.29
1919-01-15,-0.2
1919-02-15,-0.23
1919-03-15,-0.21
1919-04-15,-0.12
1919-05-15,-0.28
1919-06-15,-0.36
1919-07-15,-0.29
1919-08-15,-0.33
1919-09-15,-0.25
1919-10-15,-0.2
1919-11-15,-0.42
1919-12-15,-0.42
1920-01-15,-0.24
1920-02-15,-0.27
1920-03-15,-0.12
1920-04-15,-0.24
1920-05-15,-0.27
1920-06-15,-0.36
1920-07-15,-0.3
1920-08-15,-0.26
1920-09-15,-0.21
1920-10-15,-0.26
1920-11-15,-0.26
1920-12-15,-0.46
1921-01-15,-0.05
1921-02-15,-0.18
1921-03-15,-0.23
1921-04-15,-0.3
1921-05-15,-0.3
1921-06-15,-0.27
1921-07-15,-0.15
1921-08-15,-0.26
1921-09-15,-0.18
1921-10-15,-0.03
1921-11-15,-0.14
1921-12-15,-0.17
1922-01-15,-0.33
1922-02-15,-0.44
1922-03-15,-0.14
1922-04-15,-0.23
1922-05-15,-0.32
1922-06-15,-0.3
1922-07-15,-0.27
1922-08-15,-0.33
1922-09-15,-0.35
1922-10-15,-0.31
1922-11-15,-0.14
1922-12-15,-0.19
1923-01-15,-0.27
1923-02-15,-0.39
1923-03-15,-0.34
1923-04-15,-0.4
1923-05-15,-0.33
1923-06-15,-0.29
1923-07-15,-0.31
1923-08-15,-0.34
1923-09-15,-0.31
1923-10-15,-0.13
1923-11-15,-0.02
1923-12-15,-0.03
1924-01-15,-0.22
1924-02-15,-0.23
1924-03-15,-0.08
1924-04-15,-0.3
1924-05-15,-0.18
1924-06-15,-0.26
1924-07-15,-0.29
1924-08-15,-0.36
1924-09-15,-0.32
1924-10-15,-0.35
1924-11-15,-0.2
1924-12-15,-0.43
1925-01-15,-0.37
1925-02-15,-0.39
1925-03-15,-0.27
1925-04-15,-0.25
1925-05-15,-0.29
1925-06-15,-0.33
1925-07-15,-0.27
1925-08-15,-0.21
1925-09-15,-0.19
1925-10-15,-0.17
1925-11-15,0.05
1925-12-15,0.06
1926-01-15,0.21
1926-02-15,0.03
1926-03-15,0.11
1926-04-15,-0.13
1926-05-15,-0.23
1926-06-15,-0.26
1926-07-15,-0.27
1926-08-15,-0.13
1926-09-15,-0.14
1926-10-15,-0.11
1926-11-15,-0.06
1926-12-15,-0.29
1927-01-15,-0.27
1927-02-15,-0.17
1927-03-15,-0.39
1927-04-15,-0.3
1927-05-15,-0.26
1927-06-15,-0.27
1927-07-15,-0.19
1927-08-15,-0.24
1927-09-15,-0.12
1927-10-15,-0.01
1927-11-15,-0.05
1927-12-15,-0.33
1928-01-15,-0.02
1928-02-15,-0.09
1928-03-15,-0.25
1928-04-15,-0.28
1928-05-15,-0.3
1928-06-15,-0.39
1928-07-15,-0.19
1928-08-15,-0.22
1928-09-15,-0.21
1928-10-15,-0.19
1928-11-15,-0.09
1928-12-15,-0.16
1929-01-15,-0.45
1929-02-15,-0.58
1929-03-15,-0.32
1929-04-15,-0.41
1929-05-15,-0.38
1929-06-15,-0.43
1929-07-15,-0.36
1929-08-15,-0.32
1929-09-15,-0.25
1929-10-15,-0.14
1929-11-15,-0.11
1929-12-15,-0.54
1930-01-15,-0.3
1930-02-15,-0.26
1930-03-15,-0.1
1930-04-15,-0.24
1930-05-15,-0.24
1930-06-15,-0.22
1930-07-15,-0.21
1930-08-15,-0.15
1930-09-15,-0.15
1930-10-15,-0.11
1930-11-15,0.18
1930-12-15,-0.05
1931-01-15,-0.1
1931-02-15,-0.2
1931-03-15,-0.1
1931-04-15,-0.23
1931-05-15,-0.19
1931-06-15,-0.08
1931-07-15,-0.03
1931-08-15,-0.03
1931-09-15,-0.06
1931-10-15,0.06
1931-11-15,-0.05
1931-12-15,-0.05
1932-01-15,0.16
1932-02-15,-0.16
1932-03-15,-0.18
1932-04-15,-0.05
1932-05-15,-0.17
1932-06-15,-0.28
1932-07-15,-0.24
1932-08-15,-0.21
1932-09-15,-0.1
1932-10-15,-0.09
1932-11-15,-0.27
1932-12-15,-0.26
1933-01-15,-0.23
1933-02-15,-0.29
1933-03-15,-0.29
1933-04-15,-0.24
1933-05-15,-0.28
1933-06-15,-0.33
1933-07-15,-0.21
1933-08-15,-0.23
1933-09-15,-0.28
1933-10-15,-0.24
1933-11-15,-0.3
1933-12-15,-0.44
1934-01-15,-0.2
1934-02-15,-0.02
1934-03-15,-0.28
1934-04-15,-0.3
1934-05-15,-0.09
1934-06-15,-0.15
1934-07-15,-0.1
1934-08-15,-0.12
1934-09-15,-0.14
1934-10-15,-0.06
1934-11-15,0.04
1934-12-15,-0.02
1935-01-15,-0.33
1935-02-15,0.15
1935-03-15,-0.14
1935-04-15,-0.37
1935-05-15,-0.28
1935-06-15,-0.26
1935-07-15,-0.21
1935-08-15,-0.22
1935-09-15,-0.21
1935-10-15,-0.06
1935-11-15,-0.25
1935-12-15,-0.16
1936-01-15,-0.27
1936-02-15,-0.37
1936-03-15,-0.2
1936-04-15,-0.2
1936-05-15,-0.16
1936-06-15,-0.21
1936-07-15,-0.09
1936-08-15,-0.13
1936-09-15,-0.08
1936-10-15,-0.02
1936-11-15,0.02
1936-12-15,0
1937-01-15,-0.07
1937-02-15,0.03
1937-03-15,-0.2
1937-04-15,-0.15
1937-05-15,-0.05
1937-06-15,-0.04
1937-07-15,-0.03
1937-08-15,0.02
1937-09-15,0.1
1937-10-15,0.09
1937-11-15,0.08
1937-12-15,-0.07
1938-01-15,0.09
1938-02-15,0.04
1938-03-15,0.1
1938-04-15,0.07
1938-05-15,-0.09
1938-06-15,-0.17
1938-07-15,-0.09
1938-08-15,-0.05
1938-09-15,0.01
1938-10-15,0.15
1938-11-15,0.08
1938-12-15,-0.12
1939-01-15,-0.05
1939-02-15,-0.06
1939-03-15,-0.17
1939-04-15,-0.1
1939-05-15,-0.04
1939-06-15,-0.07
1939-07-15,-0.05
1939-08-15,-0.06
1939-09-15,-0.07
1939-10-15,-0.03
1939-11-15,0.08
1939-12-15,0.43
1940-01-15,0
1940-02-15,0.08
1940-03-15,0.09
1940-04-15,0.18
1940-05-15,0.11
1940-06-15,0.12
1940-07-15,0.13
1940-08-15,0.07
1940-09-15,0.15
1940-10-15,0.11
1940-11-15,0.16
1940-12-15,0.31
1941-01-15,0.18
1941-02-15,0.31
1941-03-15,0.1
1941-04-15,0.16
1941-05-15,0.17
1941-06-15,0.13
1941-07-15,0.22
1941-08-15,0.15
1941-09-15,0.02
1941-10-15,0.35
1941-11-15,0.23
1941-12-15,0.22
1942-01-15,0.29
1942-02-15,0.02
1942-03-15,0.05
1942-04-15,0.09
1942-05-15,0.11
1942-06-15,0.05
1942-07-15,0
1942-08-15,-0.04
1942-09-15,-0.03
1942-10-15,0.02
1942-11-15,0.09
1942-12-15,0.13
1943-01-15,-0.01
1943-02-15,0.18
1943-03-15,-0.03
1943-04-15,0.11
1943-05-15,0.07
1943-06-15,-0.05
1943-07-15,0.09
1943-08-15,0
1943-09-15,0.05
1943-10-15,0.23
1943-11-15,0.2
1943-12-15,0.23
1944-01-15,0.36
1944-02-15,0.24
1944-03-15,0.26
1944-04-15,0.19
1944-05-15,0.19
1944-06-15,0.15
1944-07-15,0.18
1944-08-15,0.18
1944-09-15,0.28
1944-10-15,0.26
1944-11-15,0.11
1944-12-15,0.04
1945-01-15,0.1
1945-02-15,0.01
1945-03-15,0.06
1945-04-15,0.19
1945-05-15,0.06
1945-06-15,0.01
1945-07-15,0.04
1945-08-15,0.26
1945-09-15,0.2
1945-10-15,0.18
1945-11-15,0.07
1945-12-15,-0.07
1946-01-15,0.15
1946-02-15,0.03
1946-03-15,0.01
1946-04-15,0.06
1946-05-15,-0.07
1946-06-15,-0.21
1946-07-15,-0.12
1946-08-15,-0.2
1946-09-15,-0.07
1946-10-15,-0.08
1946-11-15,-0.05
1946-12-15,-0.31
1947-01-15,-0.06
1947-02-15,-0.08
1947-03-15,0.07
1947-04-15,0.06
1947-05-15,-0.02
1947-06-15,-0.02
1947-07-15,-0.04
1947-08-15,-0.07
1947-09-15,-0.12
1947-10-15,0.07
1947-11-15,0.03
1947-12-15,-0.13
1948-01-15,0.07
1948-02-15,-0.14
1948-03-15,-0.24
1948-04-15,-0.12
1948-05-15,-0.01
1948-06-15,-0.05
1948-07-15,-0.11
1948-08-15,-0.12
1948-09-15,-0.14
1948-10-15,-0.05
1948-11-15,-0.12
1948-12-15,-0.23
1949-01-15,0.07
1949-02-15,-0.14
1949-03-15,-0.02
1949-04-15,-0.11
1949-05-15,-0.1
1949-06-15,-0.27
1949-07-15,-0.13
1949-08-15,-0.13
1949-09-15,-0.14
1949-10-15,-0.06
1949-11-15,-0.1
1949-12-15,-0.18
1950-01-15,-0.26
1950-02-15,-0.26
1950-03-15,-0.07
1950-04-15,-0.21
1950-05-15,-0.11
1950-06-15,-0.05
1950-07-15,-0.08
1950-08-15,-0.16
1950-09-15,-0.11
1950-10-15,-0.2
1950-11-15,-0.34
1950-12-15,-0.22
1951-01-15,-0.34
1951-02-15,-0.41
1951-03-15,-0.2
1951-04-15,-0.14
1951-05-15,0
1951-06-15,-0.06
1951-07-15,-0.01
1951-08-15,0.06
1951-09-15,0.05
1951-10-15,0.08
1951-11-15,-0.01
1951-12-15,0.16
1952-01-15,0.11
1952-02-15,0.11
1952-03-15,-0.08
1952-04-15,0.03
1952-05-15,-0.03
1952-06-15,-0.03
1952-07-15,0.04
1952-08-15,0.05
1952-09-15,0.07
1952-10-15,0
1952-11-15,-0.13
1952-12-15,-0.02
1953-01-15,0.07
1953-02-15,0.15
1953-03-15,0.11
1953-04-15,0.19
1953-05-15,0.11
1953-06-15,0.12
1953-07-15,0.01
1953-08-15,0.05
1953-09-15,0.05
1953-10-15,0.08
1953-11-15,-0.03
1953-12-15,0.05
1954-01-15,-0.24
1954-02-15,-0.1
1954-03-15,-0.15
1954-04-15,-0.14
1954-05-15,-0.2
1954-06-15,-0.19
1954-07-15,-0.19
1954-08-15,-0.18
1954-09-15,-0.1
1954-10-15,-0.02
1954-11-15,0.08
1954-12-15,-0.18
1955-01-15,0.13
1955-02-15,-0.16
1955-03-15,-0.32
1955-04-15,-0.22
1955-05-15,-0.2
1955-06-15,-0.14
1955-07-15,-0.11
1955-08-15,0.02
1955-09-15,-0.11
1955-10-15,-0.05
1955-11-15,-0.25
1955-12-15,-0.28
1956-01-15,-0.13
1956-02-15,-0.24
1956-03-15,-0.21
1956-04-15,-0.28
1956-05-15,-0.29
1956-06-15,-0.15
1956-07-15,-0.09
1956-08-15,-0.26
1956-09-15,-0.19
1956-10-15,-0.23
1956-11-15,-0.15
1956-12-15,-0.06
1957-01-15,-0.09
1957-02-15,-0.03
1957-03-15,-0.05
1957-04-15,0
1957-05-15,0.09
1957-06-15,0.16
1957-07-15,0.02
1957-08-15,0.15
1957-09-15,0.09
1957-10-15,0.01
1957-11-15,0.08
1957-12-15,0.15
1958-01-15,0.39
1958-02-15,0.22
1958-03-15,0.08
1958-04-15,0.01
1958-05-15,0.06
1958-06-15,-0.08
1958-07-15,0.05
1958-08-15,-0.05
1958-09-15,-0.02
1958-10-15,0.04
1958-11-15,0.02
1958-12-15,0.01
1959-01-15,0.08
1959-02-15,0.07
1959-03-15,0.18
1959-04-15,0.16
1959-05-15,0.04
1959-06-15,0.03
1959-07-15,0.03
1959-08-15,-0.01
1959-09-15,-0.06
1959-10-15,-0.07
1959-11-15,-0.08
1959-12-15,0
1960-01-15,0
1960-02-15,0.13
1960-03-15,-0.35
1960-04-15,-0.15
1960-05-15,-0.08
1960-06-15,-0.04
1960-07-15,-0.04
1960-08-15,0.02
1960-09-15,0.07
1960-10-15,0.06
1960-11-15,-0.11
1960-12-15,0.19
1961-01-15,0.07
1961-02-15,0.19
1961-03-15,0.09
1961-04-15,0.13
1961-05-15,0.12
1961-06-15,0.11
1961-07-15,0.01
1961-08-15,0.01
1961-09-15,0.08
1961-10-15,0
1961-11-15,0.03
1961-12-15,-0.16
1962-01-15,0.05
1962-02-15,0.15
1962-03-15,0.1
1962-04-15,0.05
1962-05-15,-0.06
1962-06-15,0.03
1962-07-15,0.02
1962-08-15,-0.01
1962-09-15,0
1962-10-15,0.01
1962-11-15,0.06
1962-12-15,-0.03
1963-01-15,-0.03
1963-02-15,0.18
1963-03-15,-0.14
1963-04-15,-0.07
1963-05-15,-0.06
1963-06-15,0.05
1963-07-15,0.06
1963-08-15,0.23
1963-09-15,0.17
1963-10-15,0.14
1963-11-15,0.15
1963-12-15,-0.03
1964-01-15,-0.09
1964-02-15,-0.1
1964-03-15,-0.21
1964-04-15,-0.32
1964-05-15,-0.25
1964-06-15,-0.04
1964-07-15,-0.04
1964-08-15,-0.22
1964-09-15,-0.29
1964-10-15,-0.31
1964-11-15,-0.21
1964-12-15,-0.29
1965-01-15,-0.08
1965-02-15,-0.17
1965-03-15,-0.13
1965-04-15,-0.19
1965-05-15,-0.12
1965-06-15,-0.08
1965-07-15,-0.13
1965-08-15,-0.04
1965-09-15,-0.15
1965-10-15,-0.05
1965-11-15,-0.06
1965-12-15,-0.08
1966-01-15,-0.19
1966-02-15,-0.04
1966-03-15,0.03
1966-04-15,-0.13
1966-05-15,-0.12
1966-06-15,0.01
1966-07-15,0.08
1966-08-15,-0.08
1966-09-15,-0.03
1966-10-15,-0.17
1966-11-15,-0.01
1966-12-15,-0.03
1967-01-15,-0.07
1967-02-15,-0.21
1967-03-15,0.05
1967-04-15,-0.05
1967-05-15,0.12
1967-06-15,-0.08
1967-07-15,0.02
1967-08-15,0.01
1967-09-15,-0.06
1967-10-15,0.09
1967-11-15,-0.05
1967-12-15,-0.05
1968-01-15,-0.26
1968-02-15,-0.14
1968-03-15,0.2
1968-04-15,-0.06
1968-05-15,-0.14
1968-06-15,-0.09
1968-07-15,-0.13
1968-08-15,-0.09
1968-09-15,-0.19
1968-10-15,0.09
1968-11-15,-0.05
1968-12-15,-0.14
1969-01-15,-0.11
1969-02-15,-0.18
1969-03-15,0.01
1969-04-15,0.17
1969-05-15,0.18
1969-06-15,0.03
1969-07-15,-0.04
1969-08-15,0.04
1969-09-15,0.08
1969-10-15,0.09
1969-11-15,0.12
1969-12-15,0.24
1970-01-15,0.08
1970-02-15,0.22
1970-03-15,0.06
1970-04-15,0.05
1970-05-15,-0.03
1970-06-15,-0.03
1970-07-15,0.01
1970-08-15,-0.1
1970-09-15,0.12
1970-10-15,0.03
1970-11-15,0.02
1970-12-15,-0.12
1971-01-15,-0.02
1971-02-15,-0.15
1971-03-15,-0.18
1971-04-15,-0.07
1971-05-15,-0.05
1971-06-15,-0.17
1971-07-15,-0.08
1971-08-15,-0.01
1971-09-15,-0.06
1971-10-15,-0.04
1971-11-15,-0.07
1971-12-15,-0.08
1972-01-15,-0.22
1972-02-15,-0.18
1972-03-15,0.02
1972-04-15,0
1972-05-15,-0.03
1972-06-15,0.04
1972-07-15,0.01
1972-08-15,0.16
1972-09-15,0.02
1972-10-15,0.08
1972-11-15,0.02
1972-12-15,0.18
1973-01-15,0.29
1973-02-15,0.32
1973-03-15,0.29
1973-04-15,0.27
1973-05-15,0.23
1973-06-15,0.19
1973-07-15,0.13
1973-08-15,0.05
1973-09-15,0.09
1973-10-15,0.1
1973-11-15,0.05
1973-12-15,-0.07
1974-01-15,-0.1
1974-02-15,-0.26
1974-03-15,-0.05
1974-04-15,-0.11
1974-05-15,-0.04
1974-06-15,-0.05
1974-07-15,-0.03
1974-08-15,0.1
1974-09-15,-0.08
1974-10-15,-0.05
1974-11-15,-0.08
1974-12-15,-0.08
1975-01-15,0.1
1975-02-15,0.08
1975-03-15,0.12
1975-04-15,0.04
1975-05-15,0.16
1975-06-15,-0.01
1975-07-15,-0.01
1975-08-15,-0.17
1975-09-15,-0.03
1975-10-15,-0.11
1975-11-15,-0.17
1975-12-15,-0.17
1976-01-15,-0.03
1976-02-15,-0.06
1976-03-15,-0.22
1976-04-15,-0.07
1976-05-15,-0.21
1976-06-15,-0.12
1976-07-15,-0.1
1976-08-15,-0.12
1976-09-15,-0.07
1976-10-15,-0.24
1976-11-15,-0.06
1976-12-15,0.11
1977-01-15,0.18
1977-02-15,0.22
1977-03-15,0.24
1977-04-15,0.26
1977-05-15,0.33
1977-06-15,0.27
1977-07-15,0.2
1977-08-15,0.18
1977-09-15,0.02
1977-10-15,0.03
1977-11-15,0.16
1977-12-15,0.03
1978-01-15,0.06
1978-02-15,0.1
1978-03-15,0.19
1978-04-15,0.17
1978-05-15,0.09
1978-06-15,-0.01
1978-07-15,0.04
1978-08-15,-0.13
1978-09-15,0.06
1978-10-15,0.03
1978-11-15,0.14
1978-12-15,0.08
1979-01-15,0.09
1979-02-15,-0.1
1979-03-15,0.19
1979-04-15,0.15
1979-05-15,0.04
1979-06-15,0.14
1979-07-15,0.04
1979-08-15,0.17
1979-09-15,0.25
1979-10-15,0.26
1979-11-15,0.28
1979-12-15,0.48
1980-01-15,0.3
1980-02-15,0.39
1980-03-15,0.3
1980-04-15,0.3
1980-05-15,0.35
1980-06-15,0.2
1980-07-15,0.22
1980-08-15,0.18
1980-09-15,0.2
1980-10-15,0.13
1980-11-15,0.3
1980-12-15,0.22
1981-01-15,0.53
1981-02-15,0.42
1981-03-15,0.48
1981-04-15,0.32
1981-05-15,0.24
1981-06-15,0.29
1981-07-15,0.32
1981-08-15,0.35
1981-09-15,0.15
1981-10-15,0.12
1981-11-15,0.23
1981-12-15,0.41
1982-01-15,0.05
1982-02-15,0.15
1982-03-15,0.03
1982-04-15,0.15
1982-05-15,0.18
1982-06-15,0.05
1982-07-15,0.15
1982-08-15,0.03
1982-09-15,0.14
1982-10-15,0.13
1982-11-15,0.18
1982-12-15,0.42
1983-01-15,0.53
1983-02-15,0.43
1983-03-15,0.41
1983-04-15,0.27
1983-05-15,0.34
1983-06-15,0.22
1983-07-15,0.18
1983-08-15,0.36
1983-09-15,0.37
1983-10-15,0.17
1983-11-15,0.3
1983-12-15,0.17
1984-01-15,0.31
1984-02-15,0.14
1984-03-15,0.26
1984-04-15,0.06
1984-05-15,0.33
1984-06-15,0.02
1984-07-15,0.19
1984-08-15,0.19
1984-09-15,0.21
1984-10-15,0.14
1984-11-15,0.07
1984-12-15,-0.04
1985-01-15,0.22
1985-02-15,-0.04
1985-03-15,0.17
1985-04-15,0.12
1985-05-15,0.14
1985-06-15,0.15
1985-07-15,0.04
1985-08-15,0.17
1985-09-15,0.13
1985-10-15,0.11
1985-11-15,0.05
1985-12-15,0.14
1986-01-15,0.26
1986-02-15,0.37
1986-03-15,0.3
1986-04-15,0.22
1986-05-15,0.21
1986-06-15,0.12
1986-07-15,0.11
1986-08-15,0.16
1986-09-15,0.03
1986-10-15,0.15
1986-11-15,0.1
1986-12-15,0.13
1987-01-15,0.32
1987-02-15,0.43
1987-03-15,0.18
1987-04-15,0.24
1987-05-15,0.25
1987-06-15,0.35
1987-07-15,0.4
1987-08-15,0.25
1987-09-15,0.35
1987-10-15,0.33
1987-11-15,0.29
1987-12-15,0.46
1988-01-15,0.56
1988-02-15,0.44
1988-03-15,0.51
1988-04-15,0.42
1988-05-15,0.44
1988-06-15,0.4
1988-07-15,0.33
1988-08-15,0.39
1988-09-15,0.36
1988-10-15,0.38
1988-11-15,0.12
1988-12-15,0.29
1989-01-15,0.12
1989-02-15,0.3
1989-03-15,0.36
1989-04-15,0.29
1989-05-15,0.17
1989-06-15,0.15
1989-07-15,0.34
1989-08-15,0.33
1989-09-15,0.34
1989-10-15,0.29
1989-11-15,0.2
1989-12-15,0.37
1990-01-15,0.41
1990-02-15,0.44
1990-03-15,0.8
1990-04-15,0.56
1990-05-15,0.45
1990-06-15,0.37
1990-07-15,0.45
1990-08-15,0.34
1990-09-15,0.23
1990-10-15,0.44
1990-11-15,0.46
1990-12-15,0.4
1991-01-15,0.42
1991-02-15,0.5
1991-03-15,0.35
1991-04-15,0.51
1991-05-15,0.35
1991-06-15,0.53
1991-07-15,0.47
1991-08-15,0.39
1991-09-15,0.44
1991-10-15,0.29
1991-11-15,0.3
1991-12-15,0.32
1992-01-15,0.47
1992-02-15,0.4
1992-03-15,0.48
1992-04-15,0.27
1992-05-15,0.31
1992-06-15,0.26
1992-07-15,0.09
1992-08-15,0.08
1992-09-15,-0.01
1992-10-15,0.06
1992-11-15,0.03
1992-12-15,0.22
1993-01-15,0.34
1993-02-15,0.37
1993-03-15,0.36
1993-04-15,0.28
1993-05-15,0.28
1993-06-15,0.23
1993-07-15,0.25
1993-08-15,0.11
1993-09-15,0.11
1993-10-15,0.23
1993-11-15,0.04
1993-12-15,0.18
1994-01-15,0.26
1994-02-15,0.02
1994-03-15,0.29
1994-04-15,0.41
1994-05-15,0.28
1994-06-15,0.44
1994-07-15,0.3
1994-08-15,0.21
1994-09-15,0.31
1994-10-15,0.42
1994-11-15,0.44
1994-12-15,0.39
1995-01-15,0.52
1995-02-15,0.79
1995-03-15,0.47
1995-04-15,0.47
1995-05-15,0.27
1995-06-15,0.43
1995-07-15,0.45
1995-08-15,0.45
1995-09-15,0.33
1995-10-15,0.47
1995-11-15,0.44
1995-12-15,0.26
1996-01-15,0.24
1996-02-15,0.46
1996-03-15,0.32
1996-04-15,0.33
1996-05-15,0.27
1996-06-15,0.25
1996-07-15,0.36
1996-08-15,0.48
1996-09-15,0.25
1996-10-15,0.24
1996-11-15,0.38
1996-12-15,0.37
1997-01-15,0.33
1997-02-15,0.4
1997-03-15,0.52
1997-04-15,0.33
1997-05-15,0.34
1997-06-15,0.54
1997-07-15,0.33
1997-08-15,0.41
1997-09-15,0.52
1997-10-15,0.61
1997-11-15,0.64
1997-12-15,0.59
1998-01-15,0.58
1998-02-15,0.88
1998-03-15,0.63
1998-04-15,0.63
1998-05-15,0.68
1998-06-15,0.77
1998-07-15,0.66
1998-08-15,0.65
1998-09-15,0.42
1998-10-15,0.41
1998-11-15,0.43
1998-12-15,0.55
1999-01-15,0.48
1999-02-15,0.64
1999-03-15,0.32
1999-04-15,0.32
1999-05-15,0.26
1999-06-15,0.36
1999-07-15,0.38
1999-08-15,0.31
1999-09-15,0.38
1999-10-15,0.34
1999-11-15,0.37
1999-12-15,0.4
2000-01-15,0.25
2000-02-15,0.56
2000-03-15,0.55
2000-04-15,0.57
2000-05-15,0.36
2000-06-15,0.4
2000-07-15,0.39
2000-08-15,0.42
2000-09-15,0.38
2000-10-15,0.26
2000-11-15,0.3
2000-12-15,0.28
2001-01-15,0.45
2001-02-15,0.44
2001-03-15,0.55
2001-04-15,0.5
2001-05-15,0.58
2001-06-15,0.52
2001-07-15,0.59
2001-08-15,0.49
2001-09-15,0.52
2001-10-15,0.5
2001-11-15,0.72
2001-12-15,0.56
2002-01-15,0.77
2002-02-15,0.79
2002-03-15,0.88
2002-04-15,0.58
2002-05-15,0.64
2002-06-15,0.53
2002-07-15,0.62
2002-08-15,0.53
2002-09-15,0.63
2002-10-15,0.54
2002-11-15,0.59
2002-12-15,0.44
2003-01-15,0.74
2003-02-15,0.58
2003-03-15,0.6
2003-04-15,0.55
2003-05-15,0.6
2003-06-15,0.48
2003-07-15,0.58
2003-08-15,0.65
2003-09-15,0.62
2003-10-15,0.73
2003-11-15,0.53
2003-12-15,0.75
2004-01-15,0.58
2004-02-15,0.73
2004-03-15,0.63
2004-04-15,0.61
2004-05-15,0.37
2004-06-15,0.44
2004-07-15,0.26
2004-08-15,0.46
2004-09-15,0.5
2004-10-15,0.61
2004-11-15,0.72
2004-12-15,0.51
2005-01-15,0.74
2005-02-15,0.6
2005-03-15,0.74
2005-04-15,0.67
2005-05-15,0.63
2005-06-15,0.65
2005-07-15,0.61
2005-08-15,0.6
2005-09-15,0.71
2005-10-15,0.75
2005-11-15,0.73
2005-12-15,0.68
2006-01-15,0.56
2006-02-15,0.73
2006-03-15,0.63
2006-04-15,0.47
2006-05-15,0.48
2006-06-15,0.66
2006-07-15,0.54
2006-08-15,0.7
2006-09-15,0.65
2006-10-15,0.7
2006-11-15,0.74
2006-12-15,0.79
2007-01-15,1.02
2007-02-15,0.7
2007-03-15,0.71
2007-04-15,0.76
2007-05-15,0.69
2007-06-15,0.61
2007-07-15,0.59
2007-08-15,0.6
2007-09-15,0.6
2007-10-15,0.59
2007-11-15,0.59
2007-12-15,0.5
2008-01-15,0.3
2008-02-15,0.38
2008-03-15,0.75
2008-04-15,0.54
2008-05-15,0.5
2008-06-15,0.49
2008-07-15,0.6
2008-08-15,0.45
2008-09-15,0.61
2008-10-15,0.67
2008-11-15,0.69
2008-12-15,0.54
2009-01-15,0.65
2009-02-15,0.52
2009-03-15,0.53
2009-04-15,0.61
2009-05-15,0.65
2009-06-15,0.64
2009-07-15,0.73
2009-08-15,0.69
2009-09-15,0.71
2009-10-15,0.66
2009-11-15,0.79
2009-12-15,0.67
2010-01-15,0.75
2010-02-15,0.83
2010-03-15,0.92
2010-04-15,0.85
2010-05-15,0.75
2010-06-15,0.68
2010-07-15,0.63
2010-08-15,0.67
2010-09-15,0.63
2010-10-15,0.71
2010-11-15,0.81
2010-12-15,0.45
2011-01-15,0.52
2011-02-15,0.48
2011-03-15,0.65
2011-04-15,0.64
2011-05-15,0.53
2011-06-15,0.62
2011-07-15,0.7
2011-08-15,0.75
2011-09-15,0.56
2011-10-15,0.65
2011-11-15,0.59
2011-12-15,0.6
2012-01-15,0.47
2012-02-15,0.49
2012-03-15,0.56
2012-04-15,0.72
2012-05-15,0.78
2012-06-15,0.64
2012-07-15,0.58
2012-08-15,0.66
2012-09-15,0.72
2012-10-15,0.8
2012-11-15,0.78
2012-12-15,0.53
2013-01-15,0.71
2013-02-15,0.62
2013-03-15,0.67
2013-04-15,0.53
2013-05-15,0.6
2013-06-15,0.69
2013-07-15,0.6
2013-08-15,0.7
2013-09-15,0.76
2013-10-15,0.69
2013-11-15,0.83
2013-12-15,0.7
2014-01-15,0.76
2014-02-15,0.55
2014-03-15,0.78
2014-04-15,0.8
2014-05-15,0.86
2014-06-15,0.67
2014-07-15,0.58
2014-08-15,0.83
2014-09-15,0.87
2014-10-15,0.8
2014-11-15,0.66
2014-12-15,0.78
2015-01-15,0.87
2015-02-15,0.9
2015-03-15,0.96
2015-04-15,0.75
2015-05-15,0.79
2015-06-15,0.81
2015-07-15,0.73
2015-08-15,0.79
2015-09-15,0.85
2015-10-15,1.09
2015-11-15,1.06
2015-12-15,1.17
2016-01-15,1.18
2016-02-15,1.37
2016-03-15,1.35
2016-04-15,1.09
2016-05-15,0.95
2016-06-15,0.81
2016-07-15,0.84
2016-08-15,1.02
2016-09-15,0.9
2016-10-15,0.88
2016-11-15,0.92
2016-12-15,0.87
2017-01-15,1.03
2017-02-15,1.14
2017-03-15,1.16
2017-04-15,0.94
2017-05-15,0.91
2017-06-15,0.72
2017-07-15,0.82
2017-08-15,0.87
2017-09-15,0.77
2017-10-15,0.9
2017-11-15,0.88
2017-12-15,0.93
2018-01-15,0.83
2018-02-15,0.85
2018-03-15,0.88
2018-04-15,0.88
2018-05-15,0.81
2018-06-15,0.77
2018-07-15,0.83
2018-08-15,0.77
2018-09-15,0.8
2018-10-15,1.01
2018-11-15,0.82
2018-12-15,0.92
2019-01-15,0.93
2019-02-15,0.95
2019-03-15,1.17
2019-04-15,1.01
2019-05-15,0.85
2019-06-15,0.9
2019-07-15,0.94
2019-08-15,0.95
2019-09-15,0.92
2019-10-15,1
2019-11-15,0.99
2019-12-15,1.09
2020-01-15,1.17
2020-02-15,1.24
2020-03-15,1.17
2020-04-15,1.12
2020-05-15,1.01
2020-06-15,0.91
2020-07-15,0.89
2020-08-15,0.87
2020-09-15,0.98
2020-10-15,0.88
2020-11-15,1.1
2020-12-15,0.8
2021-01-15,0.81
2021-02-15,0.64
2021-03-15,0.89
2021-04-15,0.76
2021-05-15,0.79
2021-06-15,0.84
2021-07-15,0.92
2021-08-15,0.82
2021-09-15,0.92
2021-10-15,0.99
2021-11-15,0.93
2021-12-15,0.86
2022-01-15,0.91
2022-02-15,0.89
2022-03-15,1.05
2022-04-15,0.84
2022-05-15,0.84
2022-06-15,0.92
2022-07-15,0.94
2022-08-15,0.95
2022-09-15,0.89
2022-10-15,0.96
2022-11-15,0.73
2022-12-15,0.8
2023-01-15,0.88
2023-02-15,0.98
2023-03-15,1.22
2023-04-15,1
2023-05-15,0.94
2023-06-15,1.08
2023-07-15,1.19
2023-08-15,1.19
2023-09-15,1.48
2023-10-15,1.34
2023-11-15,1.43
2023-12-15,1.35
2024-01-15,1.22
2024-02-15,1.43
2024-03-15,1.4
2024-04-15,1.32
2024-05-15,1.16
2024-06-15,1.21
